<?xml version="1.0" encoding="UTF-8"?>
<project-private xmlns="http://www.netbeans.org/ns/project-private/1">
    <editor-bookmarks xmlns="http://www.netbeans.org/ns/editor-bookmarks/2" lastBookmarkId="0"/>
    <open-files xmlns="http://www.netbeans.org/ns/projectui-open-files/2">
        <group>
            <file>file:/C:/Users/HpAdmin/Desktop/CocinaExperto/IngredientesDBP.txt</file>
            <file>file:/C:/Users/HpAdmin/Desktop/CocinaExperto/src/cocinaexperto/CocinaExperto.java</file>
            <file>file:/C:/Users/HpAdmin/Desktop/CocinaExperto/src/cocinaexperto/Entity.java</file>
            <file>file:/C:/Users/HpAdmin/Desktop/CocinaExperto/PlatillosIngredientes.txt</file>
            <file>file:/C:/Users/HpAdmin/Desktop/CocinaExperto/PlatillosDBP.txt</file>
            <file>file:/C:/Users/HpAdmin/Desktop/CocinaExperto/RegionDBP.txt</file>
            <file>file:/C:/Users/HpAdmin/Desktop/CocinaExperto/Estados_RegionDBP.txt</file>
            <file>file:/C:/Users/HpAdmin/Desktop/CocinaExperto/CarnesBDP.txt</file>
        </group>
    </open-files>
</project-private>
